{
  "rows": 1000,
  "columns": 2,
  "missing_values": {
    "experience_months": 0,
    "salary_thousands": 0
  },
  "describe": {
    "experience_months": {
      "count": 1000.0,
      "mean": 26.15782467853106,
      "std": 8.717091131546358,
      "min": 0.6975935216367901,
      "25%": 20.073599583417668,
      "50%": 25.875225365907397,
      "75%": 32.40698596164779,
      "max": 49.463221595604125
    },
    "salary_thousands": {
      "count": 1000.0,
      "mean": 26.722597279127935,
      "std": 8.844760689776583,
      "min": -1.2763422707877368,
      "25%": 20.53100812602409,
      "50%": 26.74557564498347,
      "75%": 32.615753469503616,
      "max": 55.29701647168527
    }
  },
  "correlation": 0.8109692945840655,
  "negative_salary_count": 2
}