{
  "rows": 998,
  "columns": 2,
  "missing_values": {
    "experience_months": 0,
    "salary_thousands": 0
  },
  "describe": {
    "experience_months": {
      "count": 998.0,
      "mean": 26.198819644725887,
      "std": 8.676579343194666,
      "min": 0.6975935216367901,
      "25%": 20.09077356301957,
      "50%": 25.891328054251566,
      "75%": 32.413937839048586,
      "max": 49.463221595604125
    },
    "salary_thousands": {
      "count": 998.0,
      "mean": 26.777503190728414,
      "std": 8.767961923654806,
      "min": 2.8329757463526697,
      "25%": 20.58034655673964,
      "50%": 26.767413107342946,
      "75%": 32.61929088137667,
      "max": 55.29701647168527
    }
  },
  "correlation": 0.8087772642901232,
  "cleaning": {
    "original_rows": 1000,
    "cleaned_rows": 998,
    "rows_removed": 2,
    "negative_salary_count": 2,
    "rule": "Removed rows where salary_thousands < 0"
  }
}