{
  "feature_columns": [
    "experience_months"
  ],
  "target_column": "salary_thousands",
  "best_model": "linear_regression",
  "leaderboard": {
    "linear_regression": {
      "rmse": 5.2583522830676035,
      "mae": 4.1621356133144705,
      "r2": 0.6208258933084713
    },
    "random_forest": {
      "rmse": 5.548756358851115,
      "mae": 4.580152213765066,
      "r2": 0.5777879469013647
    }
  },
  "train_rows": 800,
  "test_rows": 200,
  "note": "Salary is predicted in thousands."
}